-- SQL Loader Control and Data File created by TOAD
-- Variable length, terminated enclosed data formatting
-- 
-- The format for executing this file with SQL Loader is:
-- SQLLDR control=<filename> Be sure to substitute your
-- version of SQL LOADER and the filename for this file.
--
-- Note: Nested table datatypes are not supported here and
--       will be exported as nulls.
LOAD DATA
INFILE *
BADFILE './MST_BANK_SUB_BRANCH.BAD'
DISCARDFILE './MST_BANK_SUB_BRANCH.DSC'
APPEND INTO TABLE ADMSIB.MST_BANK_SUB_BRANCH
Fields terminated by ";" Optionally enclosed by '"'
(
  ID_BANK,
  ID_BANK_BRANCH,
  ID_BANK_SUBBRANCH,
  NAME_BANK,
  ADDRESS_BANK,
  CREATED_BY,
  CREATED_DATE DATE "MM/DD/YYYY HH24:MI:SS" NULLIF (CREATED_DATE="NULL"),
  MODIFY_BY,
  MODIFY_DATE DATE "MM/DD/YYYY HH24:MI:SS" NULLIF (MODIFY_DATE="NULL"),
  INIT_BANK
)
BEGINDATA
"0001";"0026";"0316";"KCP PEMKAB BEKASI";"Ruko Loure Palais De Paris Blok C No. 1  Kawasan Delta Mas Kec. Cikarang Pusat  Kab. Bekasi";"";NULL;"";NULL;""
"0001";"0026";"0361";"KCP CIBARUSAH";"";"";NULL;"";NULL;""
"0001";"0027";"0027";"CABANG TAMANSARI";"Jl. Tamansari No. 18  Kota Bandung";"";NULL;"";NULL;""
"0001";"0027";"0050";"KAS KODYA BANDUNG";"";"";NULL;"";NULL;""
"0001";"0027";"0068";"PP UNPAS";"";"";NULL;"";NULL;""
"0001";"0027";"0126";"KAS YANTAP KOTA BANDUNG";"";"";NULL;"";NULL;""
"0001";"0027";"0233";"KCP PAJAJARAN";"Jl. Pajajaran No. 84 Kota Bandung";"";NULL;"";NULL;""
"0001";"0027";"0439";"KCP ABDURAHMAN SALEH";"Jl.Abdurahman Saleh No.74 Kota Bandung";"";NULL;"";NULL;""
"0001";"0027";"0491";"KAS BEC";"";"";NULL;"";NULL;""
"0001";"0027";"0492";"KAS BIP";"";"";NULL;"";NULL;""
"0001";"0027";"0562";"KCP IR JUANDA DAGO";"Jl.Ir.H.Juanda No.25 Kota Bandung";"";NULL;"";NULL;""
"0001";"0028";"0329";"KAS RSUD CILEGON";"";"";NULL;"";NULL;""
"0001";"0028";"0369";"KAS PEMKOT CILEGON";"";"";NULL;"";NULL;""
"0001";"0028";"0408";"KAS JALAN STASIUN";"";"";NULL;"";NULL;""
"0001";"0031";"0031";"CABANG SUMBER";"Jl. Sultan Agung No. 3  Blok Pon Kel. Sumber Kec. Sumber  Kab. Cirebon - 45611";"";NULL;"";NULL;""
"0001";"0031";"0302";"KAS RSUD ARJAWINANGU";"";"";NULL;"";NULL;""
"0001";"0031";"0335";"KAS RS PARU SIDAWANGI";"";"";NULL;"";NULL;""
"0001";"0031";"0336";"KAS RSUD WALED";"";"";NULL;"";NULL;""
"0001";"0031";"0368";"KCP TUPAREV";"Jl. Tuparev Kukusan Barat I RT 05/RW 03 Desa Pilangsari Kec. Kedawung  Kabupaten Cirebon";"";NULL;"";NULL;""
"0001";"0034";"0263";"KCP PONDOK GEDE";"Jl. Jatiwaringin No. 76 C  Pondokgede Bekasi";"";NULL;"";NULL;""
"0001";"0034";"0292";"KCP CIPINANG";"Pertokoan Pasar Beras Induk Cipinang Lantai 2 Blok HA No. 6782526 27  Jakarta Timur";"";NULL;"";NULL;""
"0001";"0034";"0509";"KCP PASAR REBO";"Jl.TB Simatupang RT07/11 Kec.Pasar Rebo Jakarta Timur";"";NULL;"";NULL;""
"0001";"0036";"0084";"KCP PANGANDARAN";"Jl. Merdeka No.312   Kec. Pangandaran Kab. Ciamis";"";NULL;"";NULL;""
"0001";"0036";"0337";"KAS CIJULANG";"";"";NULL;"";NULL;""
"0001";"0036";"0407";"KAS PATROMAN";"";"";NULL;"";NULL;""
"0001";"0036";"0533";"KAS PAMARICAN";"";"";NULL;"";NULL;""
"0001";"0036";"0644";"KCP CISAGA";"";"";NULL;"";NULL;""
"0001";"0036";"0645";"KCP CIMARAGAS";"";"";NULL;"";NULL;""
"0001";"0048";"0049";"KCP LEUWILIANG";"Area Trade Center (ATC) Blok A No. 1 Kec. Leuwiliang Kab. Bogor";"";NULL;"";NULL;""
"0001";"0048";"0195";"KCP CIAWI BOGOR";"Jl. Raya Puncak Gadog No. 23  Desa Pandan Sari Kec. Ciawi  Kab. Bogor";"";NULL;"";NULL;""
"0001";"0048";"0409";"KAS RSUD CIBINONG";"";"";NULL;"";NULL;""
"0001";"0048";"0450";"KAS ITC CIBINONG";"";"";NULL;"";NULL;""
"0001";"0048";"0451";"KAS PASAR BARU CIAWI";"";"";NULL;"";NULL;""
"0001";"0048";"0452";"KAS PASAR CIBINONG";"";"";NULL;"";NULL;""
"0001";"0052";"0052";"CABANG PELABUHAN RATU";"Jl. Siliwangi No. 41  Palabuhanratu 43364 Kabupaten Sukabumi";"";NULL;"";NULL;""
"0001";"0052";"0239";"KCP SAGARANTEN";"Jl. Raya Baros   Kec.Sagaranten Kabupaten Sukabumi";"";NULL;"";NULL;""
"0001";"0052";"0392";"KAS WARUNGKIARA";"";"";NULL;"";NULL;""
"0001";"0052";"0482";"KAS CISOLOK";"";"";NULL;"";NULL;""
"0001";"0052";"0483";"KAS JAMPANG KULON";"";"";NULL;"";NULL;""
"0001";"0052";"0484";"KAS JAMPANG TENGAH";"";"";NULL;"";NULL;""
"0001";"0052";"0519";"KAS RSUD PELABUHAN R";"";"";NULL;"";NULL;""
"0001";"0056";"0056";"KC SYARIAH BANDUNG";"";"";NULL;"";NULL;""
"0001";"0062";"0093";"KAS TIGARAKSA";"";"";NULL;"";NULL;""
"0001";"0062";"0282";"KCP CURUG";"Jl. PLP Curug Sukabakti Km. 4 No. 10  Curug Kabupaten Tangerang";"";NULL;"";NULL;""
"0001";"0062";"0513";"KAS RSUD BALARAJA";"";"";NULL;"";NULL;""
"0001";"0062";"0529";"KCP TIGARAKSA";"Ruko Milenium No.01 Ds.Budimulya Kec.Cikupa Kab.Tangerang";"";NULL;"";NULL;""
"0001";"0074";"0104";"KCP TANAH ABANG";"Jl. KH. Mas Mansyur No. 5  Kec. Tanah Abang  - Jakarta Pusat";"";NULL;"";NULL;""
"0001";"0074";"0181";"KAS TMII JAKARTA";"";"";NULL;"";NULL;""
"0001";"0074";"0256";"KCP PASAR BARU";"Jl. Pintu Air No. 45B  Pasar Baru Jakarta Pusat";"";NULL;"";NULL;""
"0001";"0074";"0343";"MOBIL KAS JAKARTA";"";"";NULL;"";NULL;""
"0001";"0074";"0428";"KCP MENTENG";"Plaza Menteng Jl.HOS Cokroaminoto No.79 Jakarta Pusat";"";NULL;"";NULL;""
"0001";"0074";"0457";"KAS AMBASADOR";"";"";NULL;"";NULL;""
"0001";"0074";"0532";"KCP CIDENG";"Jl.Cideng Timur No.87A Kec.Gambir Jakarta pusat";"";NULL;"";NULL;""
"0001";"0074";"0538";"KAS SABANG";"";"";NULL;"";NULL;""
"0001";"0074";"0573";"MOBIL EDUKASI JAKART";"";"";NULL;"";NULL;""
"0001";"0075";"0252";"KCP BATUJAJAR";"Jl.Raya Batujajar No.323 Desa Galanggang Kec.Batujajar Kab.Bandung Barat";"";NULL;"";NULL;""
"0001";"0075";"0397";"KAS PEMKAB BANDUNG B";"";"";NULL;"";NULL;""
"0001";"0075";"0481";"KAS RSUD CILILIN";"";"";NULL;"";NULL;""
"0001";"0078";"0078";"CABANG MAJALAYA";"Ruko Sentra Niaga Permata Majalaya Jl. Tengah No. 3 - 6 Majalaya  Kabupaten Bandung";"";NULL;"";NULL;""
"0001";"0078";"0303";"KAS RSUD CICALENGKA";"";"";NULL;"";NULL;""
"0001";"0078";"0458";"KAS IBUN";"";"";NULL;"";NULL;""
"0001";"0078";"0477";"KAS PACET";"";"";NULL;"";NULL;""
"0001";"0080";"0080";"CABANG BUAH BATU";"Jl. Buahbatu No.254  Kota Bandung";"";NULL;"";NULL;""
"0001";"0080";"0222";"KCP KIARACONDONG";"Jl. Ibrahim Adjie No. 344 B  Kota Bandung";"";NULL;"";NULL;""
"0001";"0080";"0416";"KCP BKR";"Jl. BKR No.124  Kel.Cigereleng  Kec. Regol Bandung 40253";"";NULL;"";NULL;""
"0001";"0308";"0523";"KCP TELUK GONG";"Jl. K No.35 RT.006/009 Kec. Penjaringan Jakarta Utara";"";NULL;"";NULL;""
"0001";"0308";"0572";"MOBIL EDUKASI JAKART";"";"";NULL;"";NULL;""
"0001";"0309";"0309";"CABANG TEGAL";"Jl.Mayor Jendral Sutoyo No.32 Kota Tegal  Jawa Tengah";"";NULL;"";NULL;""
"0001";"0309";"0387";"KCP BREBES";"Jl.A.Yani No.65 RT.003/019 Kel.Brebes  Kec.Brebes Kab.Brebes";"";NULL;"";NULL;""
"0001";"0309";"0388";"KCP BANJARAN TEGAL";"Jl.Raya Selatan Banjaran No.10 RT.01/01 Desa Tembokwukung Kec.Adiwerna Tegal";"";NULL;"";NULL;""
"0001";"0309";"0389";"KCP PEKALONGAN";"Jl.K.H.M Mansyur No.11 RT.04/01 Kel.Bendan  Kec.Pekalongan Barat Kota Pekalongan";"";NULL;"";NULL;""
"0001";"0309";"0540";"KAS IBC PEKALONGAN";"";"";NULL;"";NULL;""
"0001";"0310";"0310";"CABANG DENPASAR";"Jl.Jenderal Teuku Umar No.69 Simpang Enam Kota Denpasar Prov.Bali";"";NULL;"";NULL;""
"0001";"0310";"0571";"MOBIL KAS DENPASAR";"";"";NULL;"";NULL;""
"0001";"0371";"0371";"CABANG BANDAR LAMPUNG";"Jl.Raden Intan no.81 A Kel.Enggal Kec.Tanjung Karang Pusat  Bandar Lampung";"";NULL;"";NULL;""
"0001";"0371";"0531";"KCP BANDAR JAYA";"Jl.Negara RT.04/02 Lingkungan I Kel.Yukum Jaya,  Kec.Terbanggi Besar Kab.Lampung Tengah";"";NULL;"";NULL;""
"0001";"0372";"0372";"CABANG SURAKARTA";"Jl.Slamet Riyadi No.135-137 Kel.Kemlayan Kec.Serangan Surakarta";"";NULL;"";NULL;""
"0001";"0372";"0559";"KCP BOYOLALI";"Jl.Kates No.149 RT.03/06 Kec.Boyolali Kab.Boyolali";"";NULL;"";NULL;""
"0001";"0391";"0391";"CABANG PALEMBANG";"Jl.Sudirman Km.3.5 Kel.20 Ilir Kec.Ilir Timur I  Palembang";"";NULL;"";NULL;""
"0001";"0393";"0393";"CABANG BANJARMASIN";"Jl.Ahmad Yani Km.3 RT.2 Kel.Kebun Bunga Kec.Banjarmasin Timur Kota Banjarmasin";"";NULL;"";NULL;""
"0001";"0402";"0530";"KCP KAMAL";"Komp. Taman Mutiara Palem Blok A5 No.16 Kec. Cengkareng Jakrarta Barat";"";NULL;"";NULL;""
"0001";"0402";"0566";"KCP KEDOYA";"Jl.Panjang,  Ruko Graha Arteri Mas  Kebon Jeruk Jakarata Barat";"";NULL;"";NULL;""
"0001";"0405";"0405";"CABANG S PARMAN";"Jl.Letjen S.Parman Kav.19 RT 014/02 Kec.Palmerah Jakarta Barat";"";NULL;"";NULL;""
"0001";"0405";"0547";"KCP PALMERAH";"Jl.Palmerah Utara No.49 A Kec.Tanah Abang Jakarta Pusat";"";NULL;"";NULL;""
"0001";"0012";"0253";"KCP TANGERANG CITY";"Ruko Business Park Tangerang City Blok B No. 6 Kel. Babakan,  Kec. Tangerang Kota Tangerang Propinsi Banten";"";NULL;"";NULL;""
"0001";"0012";"0284";"KCP KEBON BESAR";"Jl. Raya Halim Perdana Kusuma Kel. Jurumundi Baru Kec.Benda Kabupaten Tangerang";"";NULL;"";NULL;""
"0001";"0012";"0285";"KCP TELUK NAGA";"Kampung Melayu Barat No. II-C RT 01/RW 02 Kecamatan Teluk Naga Kabupaten Tangerang";"";NULL;"";NULL;""
"0001";"0012";"0376";"KCP GLOBAL MANSION";"Ruko Global Mansion Blok RB No.1 dan Blok RB No.2 Kel.Priok Kec.Priok kota Tangerang";"";NULL;"";NULL;""
"0001";"0012";"0386";"KCP CIMONE / UPTD KARAWACI";"Jl.Merdeka No.207 Keluraha Gerendeng Kecamatan Tangerang";"";NULL;"";NULL;""
"0001";"9999";"9999";"N/A";"";"";NULL;"";NULL;""
"0001";"0012";"0441";"KCP CIKOKOL";"Komp.Mahkota Mas J/08 Jl.MH Thamrin Kel.Cikokol Kec.Tangerang Kota Tangerang";"";NULL;"";NULL;""
"0001";"0013";"0013";"CABANG BOGOR";"Jl. Kapten Muslihat No.11-13  Kota Bogor - 16121";"";NULL;"";NULL;""
"0001";"0013";"0107";"KCP TAJUR";"Jl. Raya Tajur No. 126  Kota Bogor";"";NULL;"";NULL;""
"0001";"0013";"0183";"KCP TANAH SAREAL";"Komp. Ruko Dua Empat No. 8  Jl. Soleh Iskandar Kel. Kedung Jaya,  Kec. Tanah Sareal  Kota Bogor";"";NULL;"";NULL;""
"0001";"0080";"0502";"KCP GATOT SUBROTO";"Jl.Gatot Subroto No.243 Kota Bandung";"";NULL;"";NULL;""
"0001";"0087";"0087";"SYARIAH TASIKMALAYA";"";"";NULL;"";NULL;""
"0001";"0088";"0088";"SYARIAH CIREBON";"";"";NULL;"";NULL;""
"0001";"0089";"0089";"SYARIAH BOGOR";"";"";NULL;"";NULL;""
"0001";"0096";"0096";"SYARIAH SERANG";"";"";NULL;"";NULL;""
"0001";"0098";"0098";"CABANG SINGAPARNA";"Jl.Raya Timur Cikiray No.76 RT001/001 Desa Sukamulya Kec.Singaparna Kab.Tasikmalaya";"";NULL;"";NULL;""
"0001";"0098";"0624";"KCP SUKARAJA TASIK";"";"";NULL;"";NULL;""
"0001";"0098";"0698";"KCP CIKATOMAS TASIK";"";"";NULL;"";NULL;""
"0001";"0114";"0236";"KCP CIHAMPELAS";"Jl. Cihampelas No. 119 A   Kota Bandung";"";NULL;"";NULL;""
"0001";"0114";"0276";"KAS PVJ";"";"";NULL;"";NULL;""
"0001";"0114";"0489";"KAS CIWALK";"";"";NULL;"";NULL;""
"0001";"0114";"0507";"KAS BTC";"";"";NULL;"";NULL;""
"0001";"0036";"0206";"KCP LANGENSARI";"Ruko No.3 Depan pasar Langensari RT.02 Rw 03 Kel.Muktisari Kec. Langensari Kota Banjar";"";NULL;"";NULL;""
"0001";"0048";"0048";"CABANG CIBINONG";"Komplek Perkantoran Pemda Kab Bogor Jl. Tegar Beriman - Cibinong Kabupaten Bogor  16914";"";NULL;"";NULL;""
"0001";"0048";"0054";"KCP CITEUREUP";"Jl. Mayor Oking Jayaatmaja No.5E Desa Puspanegara Kec. Citereup Kabupaten Bogor";"";NULL;"";NULL;""
"0001";"0048";"0090";"KCP IPB DRAMAGA";"Jl. Raya Babakan No. 38  Desa Babakan Kec. Dramaga Kab. Bogor";"";NULL;"";NULL;""
"0001";"0048";"0134";"KCP CILEUNGSI";"Jl.  Raya Cileungsi - Jonggol Km 1  RT 02 RW 06 Kel.  Cieungsi Kec. Cileungsi Kabupaten  Bogor";"";NULL;"";NULL;""
"0001";"0048";"0417";"KCP BOJONG GEDE";"Komp. Ruko Bojongmas No.8 Jl.Raya Bojonggede Kec.Bojonggede Kab.Bogor";"";NULL;"";NULL;""
"0001";"0075";"0075";"CABANG PADALARANG";"Jl. Raya Purwakarta No. 75  Blok Sindang Palay - Ds Kertamulya  Kab. Bandung Barat";"";NULL;"";NULL;"HUF"
"0001";"0048";"0418";"KCP JONGGOL";"Jl.Raya Alternatif RT.002/008 Pojok Salak Kel/Desa Jonggol Kec. Jonggol Kab. Bogor";"";NULL;"";NULL;""
"0001";"0048";"0419";"KCP PARUNG";"Pertokoan Ceria Jaya  Jl. Raya Parung RT.002/004 Desa Parung Kec.Parung Kabupaten Bogor";"";NULL;"";NULL;""
"0001";"0052";"0163";"KCP SURADE";"Jl. Raya Surade Kota  Kabupaten Sukabumi";"";NULL;"";NULL;""
"0001";"0052";"0204";"KCP CISAAT";"Jl. Raya Caringin RT. 02/RW. 01 Desa Nagrak Kec. Cisaat  Kabupaten Sukabumi";"";NULL;"";NULL;""
"0001";"0052";"0237";"KCP PANGLESERAN";"Jl. Blok Pangleseran  Desa Sirnaresmi  Kec.Gunungguruh  Kabupaten Sukabumi";"";NULL;"";NULL;""
"0001";"0062";"0062";"CABANG BALARAJA";"Jl. Raya Serang km22.5 Kadiwaran, Cikupa,  Kabupaten Tangerang - Banten";"";NULL;"NENENG ARIYATI";"10/15/2015 19:25:01";""
"0001";"0062";"0243";"KCP CIKUPA";"Perumahan Citra Raya Kawasan Komersil  Ruko Eternity 2A Blok KG 01 Kavling 19 Cikupa KabTangearang";"";NULL;"";NULL;""
"0001";"0062";"0298";"KCP PERUMNAS TANGERANG";"Jl. Mendut Raya Blok N No. 21  Kabupaten Tangerang";"";NULL;"";NULL;""
"0001";"0062";"0527";"KCP CISAUK";"Ruko 5 No.15-16 Serpong Garden Ds Cibogo Kec.Cisauk Kab.Tangerang";"";NULL;"";NULL;""
"0001";"0062";"0528";"KCP PASAR KEMIS";"Ruko Buana Subur Blok A No.7 RT03/01 Kel.Kutajaya Kec. Pasar Kemis, Kabupaten Tangerang ";"";NULL;"";NULL;""
"0001";"0074";"0083";"KCP KRAMAT JATI";"Jl. Raya Bogor No. 1  Kec. Kramatjati Jakarta Timur";"";NULL;"";NULL;""
"0001";"0074";"0112";"KCP JATINEGARA";"Komplek Perkantoran Mitra Matraman   Blok A2 Kavling No. 5 Jl. Matraman Raya No. 148  - Jakarta Timur";"";NULL;"";NULL;""
"0001";"0074";"0244";"KCP CEMPAKA MAS";"Mega Grosir Cempaka MasBlok FI-F2  Jl. Letjen. Suprapto No. 1  Kotamadya Jakarta Pusat";"";NULL;"";NULL;""
"0001";"0074";"0307";"KCP BENDUNGAN HILIR";"Jl. Bendungan Hilir Raya No. 92  RT. 005 RW 002 Kec. Tanah Abang  Jakarta Pusat";"";NULL;"";NULL;""
"0001";"0074";"0353";"KCP CIKINI";"Ruko Central Cikini  Jl. Cikini Raya No. 58 CD  Jakarta Pusat";"";NULL;"";NULL;""
"0001";"0074";"0354";"KCP RAWASARI";"Jl. Rawasari Selatan No. E/5  Kec. Cempaka Putih Jakarta Pusat";"";NULL;"";NULL;""
"0001";"0074";"0429";"KCP MNC";"MNC Plaza Jl.Kebon Sirih No.17-19 Lantai Podium 1 Unit P1-19 Dan Unit P1-13B,  Jakarta Pusat";"";NULL;"";NULL;""
"0001";"0074";"0430";"KCP SENEN";"Jl.Senen raya No.58 Kec.Senen Jakarta Pusat";"";NULL;"";NULL;""
"0001";"0074";"0568";"KCP SUDIRMAN PLAZA S";"The Plaza Semanggi Lt.1 Unit L1/064 Jl.Jend.Sudirman Kav.50 Kel.Karet Semanggi Kec.Setiabudhi Jakarta";"";NULL;"";NULL;""
"0001";"0075";"0061";"KCP LEMBANG";"Jl. Raya Lembang No. 258  Kec. Lembang Kab. Bandung Barat";"";NULL;"";NULL;""
"0001";"0075";"0180";"KCP CILILIN";"Jl.Raya Radio No. 33 RT.002 RW.001 Ds.Cililin Kec.Cililin Kabupaten Bandung Barat";"";NULL;"";NULL;""
"0001";"0075";"0207";"KCP CIKALONG WETAN";"Jl. Raya Cikalong Wetan  Dusun Warungjati Desa Ciptagumati  Kec. Cikalong Wetan  Kab. Bandung Barat";"";NULL;"";NULL;""
"0001";"0075";"0434";"KCP CIPATAT";"Jl.Raya rajamandala no.389 RT04/12 Kab.bandung barat";"";NULL;"";NULL;""
"0001";"0075";"0435";"KCP SINDANGKERTA";"Jl.Raya  sindangkerta Kel.cintakarya kec.sindangkerta kab.bandung barat";"";NULL;"";NULL;""
"0001";"0078";"0115";"KCP RANCAEKEK";"Jl. Dangdeur Timur Dusun Munggang RT 01/08 Desa Mekargalih  Kec. Jatinangor Kabupaten Sumedang";"";NULL;"";NULL;""
"0001";"0078";"0226";"KCP CIPARAY";"Jl. Raya Laswi No. 845 Desa Manggungharja Kecamatan Ciparay Kabupaten Bandung";"";NULL;"";NULL;""
"0001";"0078";"0379";"KCP CICALENGKA";"Jl. Ruko Citoz Jalan Raya Barat Alun-Alun  Cicalengka No. 305 Desa Cicalengka Wetan  Blok Raya Barat  Kabupaten Bandung";"";NULL;"";NULL;""
"0001";"0080";"0076";"KCP GEDE BAGE";"Komplek Pasar Induk Gedebage  Los 075  Jl.Soekarno Hatta Km 125  Gedebage - Kota Bandung";"";NULL;"";NULL;""
"0001";"0080";"0242";"KCP MTC";"Komplek Pertokoan Metro Trade (MTC) Blok D No.22  Jl. Soekarno Hatta  Kota Bandung";"";NULL;"";NULL;""
"0001";"0080";"0365";"KCP CINUNUK";"Jl. Raya Cinunuk No.122 RT.04 RW.14 Desa Cinunuk Kec. Cileunyi  Kabupaten Bandung";"";NULL;"";NULL;""
"0001";"0080";"0366";"KCP DERWATI";"Jl. Blok Babakan Karet  Kel. Derwati Kec. Rancasari   Kota Bandung";"";NULL;"";NULL;""
"0001";"0402";"0402";"CABANG DAAN MOGOT";"Ruko Daan Mogot Baru Blok KJE No.9-10 Jakarta Barat";"";NULL;"";NULL;""
"0001";"0402";"0521";"KCP PURI";"Komp. Ruko Sentral Niaga Puri Indah Blok T6 no.17 KEmbangan Jakarta Barat";"";NULL;"";NULL;""
"0001";"0402";"0550";"KCP GREEN VILLE";"Kepa Duri Raya Blok Y No.15D Kec.KEbon Jeruk, Jakarta Barat ";"";NULL;"";NULL;""
"0001";"0402";"0565";"KCP KALIDERES";"Komp.Perumahan Citra Tujuh Blok A2 No.1 Kec. Kalideres Jakarta Barat";"";NULL;"";NULL;""
"0001";"0403";"0403";"CABANG JATINANGOR";"Jl. Raya jatinangor No.41 Kab.Sumedang";"";NULL;"";NULL;""
"0001";"0404";"0404";"CABANG RASUNA SAID";"Jl.Hajjah Rangkayo Rasuna Said Blok X2 Kav.6 Jakarta Selatan";"";NULL;"";NULL;""
"0001";"0404";"0510";"KCP MAMPANG";"Jl.Mampang Prapatan Raya No.151 RT.003/001 Kec.Panjoran Jakarta Selatan";"";NULL;"";NULL;""
"0001";"0404";"0552";"KCP TENDEAN";"Jl. Wijaya 1 no.3  RT07/004 kel.petogokan,  kec.kebayoran baru jakarta selatan 12170";"";NULL;"";NULL;""
"0001";"0405";"0512";"KCP JALAN PANJANG";"Jl.Panjang (Arteri Kelapa Dua) RT.01/003 Kec.Kebon Jeruk Jakarta Barat";"";NULL;"";NULL;""
"0001";"0405";"0553";"KCP POS PANGUMBEN";"Jl.Pos Pengumben Raya Komp.Boulevard RT.010/03 Kel.Srenseng Kec. Kembangan - Jakarta Barat";"";NULL;"";NULL;""
"0001";"0406";"0406";"CABANG SAHARJO";"Jl.Dokter Saharjo No.111 Kec.Tebet Jakarta Selatan";"";NULL;"";NULL;""
"0001";"0406";"0511";"KCP DEWI SARTIKA";"Jl.Tebet Barat Dalam IV L No.7A RT.12/006 Kec.Tebet Jakarta Selatan";"";NULL;"";NULL;""
"0001";"0080";"0543";"KCP LODAYA";"Jl. Lodaya No.16 C Kel.Burangrang Kec. Lengkong Kota Bandung";"";NULL;"";NULL;""
"0001";"0080";"0544";"KCP CIWASTRA";"Perumahan Mustika Hegar Regency,  Ruko Timur No.3 Jl. Raya margacinta Kec. Buah Batu  Kota Bandung";"";NULL;"";NULL;""
"0001";"0114";"0051";"KCP PASTEUR";"Jl. Surya Sumantri No. 37  Kota Bandung";"";NULL;"";NULL;""
"0001";"0114";"0114";"CABANG SUKAJADI";"Bank DEVISA  Jl. Sukajadi No. 216  Kota Bandung 40161";"";NULL;"";NULL;""
"0001";"0114";"0351";"KCP SETIABUDHI";"Jl. Doktor Setiabudi No. 169 E  Kota Bandung";"";NULL;"";NULL;""
"0001";"0114";"0516";"KCP SARIJADI";"Jl.Sarijadi Blok III No.115 Kota Bandung";"";NULL;"";NULL;""
"0001";"0136";"0136";"CABANG KEBAYORAN BARU";"Graha Iskandarsyah Lt. 2  JL. Iskandarsyah Raya no. 66 C  Kebayoran Baru 12160 - Jakarta Selatan";"";NULL;"";NULL;""
"0001";"0136";"0245";"KCP PASAR MINGGU";"Jl. Raya PAsar Minggu Km. 17 No. 11A  Kalibata Jakarta Selatan";"";NULL;"";NULL;""
"0001";"0136";"0251";"KCP PONDOK INDAH";"Rukan Plaza 5 Pondok Indah No.B-08 Jl.Margaguna Raya,  Kebayoran Baru Jakarta Selatan";"";NULL;"";NULL;""
"0001";"0136";"0290";"KCP KEBAYORAN LAMA C";"Jl. Ciledug Raya No. 24 Cipulir   Kebayoran Lama  Jakarta Selatan";"";NULL;"";NULL;""
"0001";"0136";"0291";"KCP TEBET";"Jl. Tebet Barat IX 35-B Blok HH No. 35 Kel.Tebet Barat Kec.Tebet  Jakarta Selatan";"";NULL;"";NULL;""
"0001";"0136";"0431";"KCP CILANDAK";"Komp.Ruko H.Madali Jl.Raya Cilandak KKO Kec.Jagakarsa,  Jakarata Selatan";"";NULL;"";NULL;""
"0001";"0136";"0432";"KCP PERMATA HIJAU";"Jl.Arteri Permata Hijau Komp. Grand ITC Permata Hijau Blok Emerald Persil No.15 Jakrarta Selatan";"";NULL;"";NULL;""
"0001";"0136";"0515";"KCP MAYESTIK";"Jl.Kiyai Maja No.51A RT04/01 Kel.Kramat Pela Kec. Kebayoran Baru Jakarta Selatan";"";NULL;"";NULL;""
"0001";"0136";"0551";"KCP FATMAWATI 2";"Jl.Rumah Sakit Fatawati Komp.Pertokoan Duta mas Blok A1 No.2 Kec.Kebayoran Baru Jakarta Selatan";"";NULL;"";NULL;""
"0001";"0136";"0570";"KCP ARTERI PONDOK INDAH";"Jl.Iskandar Muda No.28 G /Arteri Pondok indah Jl.Kebayoran Lama Selatan,  Jakarta Selatan";"";NULL;"";NULL;""
"0001";"0167";"0227";"KCP GRESIK";"Jl. Gubernur Suryo A-05  Kab. Gresik Jawa Timur";"";NULL;"";NULL;""
"0001";"0167";"0437";"KCP PERAK";"Jl.Perak Timur No.52B Kec.Pabean Cantikan Kel.Perak Timur Kota Surabaya";"";NULL;"";NULL;""
"0001";"0167";"0438";"KCP TROPODO";"Jl.Raya Tropodo No.115 Ruko Sentral Tropodo A-9 RT.13/01 Desa Tropodo Kec.Waru Sidoarjo";"";NULL;"";NULL;""
"0001";"0167";"0557";"KCP ATOM";"Jl.Stasiun Kota Surabaya Stand BB 23 dan BB 25 Atom Mall Lantai 3 Kota Surabaya";"";NULL;"";NULL;""
"0001";"0167";"0558";"KCP BUKIT DARMO";"Komp.Ruko Bukit Darmo Golft Jl.Bukit Darmo Boulevard Blok B1-28 Kel. Kalikendal KEc.Dukuh Pakis Kota Surabaya";"";NULL;"";NULL;""
"0001";"0170";"0278";"KCP UNGARAN";"Jl.Gatot Subroto No.77 Ruko No.5 Ungaran Kab.Semarang";"";NULL;"";NULL;""
"0001";"0182";"0029";"KCP PAMULANG";"Komp. Gedung Pamulang Terrace Nlok SH/14 No.3 Kel.Pamulang Barat Kec. Pamulang  Kota Tangerang Selatan";"";NULL;"";NULL;""
"0001";"0182";"0182";"CABANG BSD SERPONG";"Jl. Letnan Sutopo Komp. Bumi Serpong Damai (BSD) III B-1 Blok E No. 01-B Serpong Kota Tangerang Selatan";"";NULL;"";NULL;""
"0001";"0182";"0314";"KCP BINTARO";"Komp. Ruko Bintaro Jaya Jl.Kavling Blok 3A/A No.23 Dan 3A Kota Tangerang Selatan";"";NULL;"";NULL;""
"0001";"0182";"0377";"KCP CIREUNDEU";"Jl.Cireundeu Raya No.66B Kel.PIsangan Timur Kec. Ciputat Timur Kota Tangerang Selatan";"";NULL;"";NULL;""
"0001";"0182";"0414";"KCP BINTARO JAYA";"Kebayoran Arcade Blok KA/C3 No.55 Sektor VII Bintaro Jaya Kel. Pondok Jaya Kec. Pondok Aren,  Kota Tangearang Selatan";"";NULL;"";NULL;""
"0001";"0182";"0415";"KCP PAHLAWAN SERIBU";"Jl.Pahlwan Seribu Ruko Tol Boulevard Blok B/26  Bumi Serprong Damai  Kota Tangerang Selatan";"";NULL;"";NULL;""
"0001";"0211";"0301";"KCP PLUIT";"Jl.Pluit Sakti blok A kaveling No.7 Kel.Pluit Kec.Penjaringan Jakarta Utara";"";NULL;"";NULL;""
"0001";"0211";"0319";"KCP KELAPA GADING";"Komp.Rukan Kelapa Gading Square Jl.Boulevard Barat Blok C No.8 Jakarta Utara";"";NULL;"";NULL;""
"0001";"0211";"0325";"KCP TANJUNG PRIUK";"Komp.Ruko Enggano Megah Tanjung Priok Jl.Enggano Blok C Kaveling No.11-S Kel.Tanjung Priok Kec.Tanjung priok Kotamadya jakarta Utara";"";NULL;"";NULL;""
"0001";"0211";"0352";"KCP SUNTER";"Jl.Griya Utama Blok A kav.No.33 Kel.Sunter Agung Kec.Tanjung Priok Kota Jakarta Utara";"";NULL;"";NULL;""
"0001";"0211";"0445";"KCP GUNUNG SAHARI";"Jl.Gunung Sahari Raya No.2C Kec. Sawah Besar Jakarta Pusat";"";NULL;"";NULL;""
"0001";"0211";"0446";"KCP KAPUK";"Bukit Golft Mediterania Pantai Indah Kapuk Rukan Crown Golf Hoek Blok A063 Jakarta Barat";"";NULL;"";NULL;""
"0001";"0240";"0240";"CABANG MEDAN";"Jl.Suwondo Parman No.1 Medan Kec.Medan Baru Kota Medan Prov.Sumatera Utara";"";NULL;"";NULL;""
"0001";"0241";"0241";"CABANG BATAM";"JL.Engku Putri No.08 Komplek.Batam Centre Square Blok D No.01 Kel.Teluk Tering  Kec.Batam Kota Batam 29421";"";NULL;"";NULL;""
"0001";"0280";"0280";"CABANG BALIKPAPAN";"Jl.Jenderal Sudirman No.15 RT.06 Kel.Damai  Kota Balikpapan  Kalimantan Timur";"";NULL;"";NULL;""
"0001";"0308";"0308";"CABANG HASYIM ASHARI";"Jl. K.H Hasyim Ashari No.34 Kec.Gambir  Jakarta Pusat";"";NULL;"";NULL;""
"0001";"0308";"0350";"KCP KEBON JERUK";"Jl. Raya Perjuangan No.11 Kec. Kebon Jeruk  Kota Jakarta Barat";"";NULL;"";NULL;""
"0001";"0308";"0426";"KCP MERUYA";"Komp. Pertokoan Taman Kebon jeruk Blok F No.4 Kec.kebon jeruk Jakarta Barat";"";NULL;"";NULL;""
"0001";"0308";"0427";"KCP TOMANG";"Jl.Tanjung Duren Raya No.84D Kec.Grogol Petamburan Jakarta Barat";"";NULL;"";NULL;""
"0001";"0308";"0522";"KCP SEASON CITY";"Jl.Prof.Dr.Latumenten Blok D No.2 Kec. Tambora Jakarta Barat";"";NULL;"";NULL;""
"0001";"0007";"0569";"KCP PEMPROV BANTEN/PALIMA";"Gd. Dinas Pengelolaan Keuangan & Aset Daerah Provinsi Banten Jl. Syeh Nawawi Al-Bantani Palima Serang - Propinsi Banten";"";NULL;"";NULL;""
"0001";"0019";"0286";"KCP MAJA";"Jl. Raya Maja No. 66 Blok Pasar Maja Desa Maja Kecamatan Maja Kabupaten Lebak";"";NULL;"";NULL;""
"0001";"0019";"0306";"KCP BPKAD LEBAK";"Jl. Kapugeran I No. 3 Blok Kapugeran Kel. Rangkasbitung Barat Kec. Rangkasbitung Kab. Lebak";"";NULL;"";NULL;""
"0001";"0007";"0007";"CABANG KHUSUS BANTEN";"Jl. Veteran No. 6 Serang - 42117,  Provinsi Banten";"";NULL;"";NULL;"FD"
"0001";"0012";"0012";"CABANG TANGERANG";"Bank DEVISA The Modern Golf Shop Houses No.9 Kel. Kelapa Indah,  Kec. Tangerang  Kota Tangerang - 15111";"";NULL;"";NULL;"CA"
"0001";"0019";"0381";"KCP BAYAH";"";"";NULL;"";NULL;""
"0001";"0019";"0019";"CABANG RANGKASBITUNG";"JL. Patih Derus, No.4, Rangkasbitung, 42311";"";NULL;"";NULL;""
"0001";"0028";"0028";"CABANG CILEGON";"Jl. Ahmad Yani No. 132  Kel. Sukmajaya Kec. Jombang  Kota Cilegon 42411 Prov. Banten";"";NULL;"";NULL;"PEA"
"0001";"0074";"0074";"CABANG KHUSUS JAKARTA";"Bank DEVISA Jl.Jend.Sudirman Kav.2 Gedung Arthaloka Lt.Dasar & Lt.4  Jakarta Pusat";"";NULL;"";NULL;"PAE"
"0001";"0007";"0734";"KCP SUDIRMAN SERANG";"?";"";NULL;"NENENG ARIYATI";"09/10/2015 21:32:52";""
"0001";"0011";"0011";"CABANG SUMEDANG";"Jl. Prabu Geusan Ulun No.89 Kab. Sumedang - 45312";"";NULL;"";NULL;""
"0001";"0011";"0046";"KCP CIKERUH";"Jl. Raya Jatinangor No.92 Kec. Jatinangor,  Kab. Sumedang";"";NULL;"";NULL;""
"0001";"0011";"0057";"KCP STPDN";"Jl. Raya Jatinangor Km.20 Kec. Jatinangor,  Kab. Sumedang";"";NULL;"";NULL;""
"0001";"0011";"0059";"KAS RSUD SUMEDANG";"";"";NULL;"";NULL;""
"0001";"0011";"0190";"KCP TANJUNG SARI";"Jl. Raya Tanjungsari Blok Lanjung,  Desa Tanjungsari Kec. Tanjungsari Kab. Sumedang";"";NULL;"";NULL;""
"0001";"0011";"0191";"KCP WADO";"Jl. Raya Wado No. 62 Blok Kaum,  Desa Wado Kec. Wado Kab. Sumedang";"";NULL;"";NULL;""
"0001";"0011";"0272";"KAS PEMDA SUMEDANG";"";"";NULL;"";NULL;""
"0001";"0011";"0293";"KCP CIMALAKA";"Blok Pakemitan,  Desa Cimalaka Kecamatan Cimalaka Kabupaten Sumedang";"";NULL;"";NULL;""
"0001";"0011";"0556";"KCP UJUNG JAYA";"Dusun ujung Jaya RT.01/03 Desa Ujung Jaya Kec.Ujung Jaya Kab.Sumedang";"";NULL;"";NULL;""
"0001";"0012";"0044";"KAS RSU TANGERANG";"";"";NULL;"";NULL;""
"0001";"0012";"0092";"KAS CISADANE";"";"";NULL;"";NULL;""
"0001";"0012";"0094";"PP CIKOKOL";"";"";NULL;"";NULL;""
"0001";"0012";"0110";"PP KOTA TANGERANG";"";"";NULL;"";NULL;""
"0001";"0012";"0199";"KCP CILEDUG TANGERANG";"Central Business District Ciledug (Ciledug Family Mall),  Ruko D2 No. 53  Jl. HOS Cokroaminoto No. 93 Kel. Karang Tengah Kec. Ciledug Kota Tangerang";"";NULL;"";NULL;""
"0001";"0012";"0248";"KCP SEPATAN";"Jl. Raya Mauk Km. 11 No. 90  Desa Sepatan,  Kec. Sepatan  Kab. Tangerang Propinsi Banten";"";NULL;"";NULL;""
"0001";"0012";"0249";"KCP GADING SERPONG";"Jl. Raya Serpong Km. 7 No. 111  Kel. Pakualam,  Kec. Serpong Utara  Kab. Tangerang Propinsi Banten";"";NULL;"";NULL;""
"0001";"0012";"0283";"KCP JATIUWUNG";"Jl. Gatot Subroto Km. 5, 5 No. 8A  Jatiuwung Kabupaten Tangerang";"";NULL;"";NULL;""
"0001";"0012";"0297";"KCP CIPONDOH";"Jl. K. H. Hasyim Ashari  Kec. Cipondoh Kota Tangerang";"";NULL;"";NULL;""
"0001";"0012";"0442";"KCP KREO";"Jl.HOS Cokroaminoto No.2 RT 001/05 Kel.Kreo Selatan Kec.Larangan Kota Tangerang Selatan";"";NULL;"";NULL;""
"0001";"0012";"0576";"PARAMOUNT SERPONG";"??";"";NULL;"NENENG ARIYATI";"09/10/2015 21:34:27";""
"0001";"0013";"0313";"KCP SUDIRMAN";"";"";NULL;"";NULL;""
"0001";"0013";"0346";"MOBIL KAS BOGOR";"";"";NULL;"";NULL;""
"0001";"0013";"0357";"KCP SURYA KENCANA";"Jl. Surya Kencana No. 321,  Kec. Kota Bogor Tengah   Kota Bogor";"";NULL;"";NULL;""
"0001";"0013";"0465";"KAS EMPANG";"";"";NULL;"";NULL;""
"0001";"0013";"0497";"KAS PEMKOT BOGOR";"";"";NULL;"";NULL;""
"0001";"0013";"0534";"KAS BOTANI SQUARE";"";"";NULL;"";NULL;""
"0001";"0014";"0033";"KCP CIPANAS";"Jl. Raya Cipanas No.12 A   Cipanas  -  Kab. Cianjur";"";NULL;"";NULL;""
"0001";"0014";"0257";"KCP TANGGEUNG";"Kp. Kaum Desa tanggeung Kec. Tanggeung Kab. Cinajur";"";NULL;"";NULL;""
"0001";"0014";"0273";"KAS RSUD CIANJUR";"";"";NULL;"";NULL;""
"0001";"0014";"0315";"KCP PEMKAB CIANJUR";"Jalan Siti Jaenab No.65 Kel. Pamoyanan Kab.Cianjur";"";NULL;"";NULL;""
"0001";"0014";"0396";"KAS KEC CIBINONG";"";"";NULL;"";NULL;""
"0001";"0014";"0467";"KAS KADUPANDAK";"";"";NULL;"";NULL;""
"0001";"0015";"0045";"KCP CILIMUS";"Jl.Raya Cilimus No.72   Kec. Cilimus - Kab. Kuningan";"";NULL;"";NULL;""
"0001";"0015";"0398";"KAS CIBINGBIN";"";"";NULL;"";NULL;""
"0001";"0015";"0400";"KAS PERTOKOAN SILIWANGI";"";"";NULL;"";NULL;""
"0001";"0015";"0410";"KAS DARMA";"";"";NULL;"";NULL;""
"0001";"0015";"0411";"KAS RSAI LINGGA JATI";"";"";NULL;"";NULL;""
"0001";"0015";"0539";"KAS RSUD 45";"";"";NULL;"";NULL;""
"0001";"0016";"0016";"CABANG MAJALENGKA";"Jl.K.H Abdul Halim No.224 Kab.Majalengka - 45418";"";NULL;"";NULL;""
"0001";"0016";"0213";"KAS UNMA";"";"";NULL;"";NULL;""
"0001";"0000";"0000";"KANTOR PUSAT OPERASI";"";"";NULL;"";NULL;""
"0001";"0001";"0001";"CABANG UTAMA BANDUNG";"Jl. Braga No.12 Kota Bandung - 40111";"";NULL;"";NULL;""
"0001";"0001";"0041";"KAS GEDUNG SATE";"";"";NULL;"";NULL;""
"0001";"0001";"0055";"KAS SAMSAT";"";"";NULL;"";NULL;""
"0001";"0001";"0099";"KAS MARGAHAYU";"";"";NULL;"";NULL;""
"0001";"0001";"0131";"MITRA PRIORITAS";"";"";NULL;"";NULL;""
"0001";"0001";"0175";"KCP JAMIKA";"Jl. Jamika No. 21 A Kota Bandung";"";NULL;"";NULL;""
"0001";"0114";"0545";"KCP PASIR KALIKI";"Jl.Pasirkaliki No.205 Kota Bandung";"";NULL;"";NULL;""
"0001";"0114";"0567";"MOBIL EDUKASI BANDUN";"";"";NULL;"";NULL;""
"0001";"0136";"0247";"KCP FATMAWATI";"Jl.Rumah Sakit Fatmawati No.52  Cilandak  Jakarta Selatan";"";NULL;"";NULL;""
"0001";"0136";"0334";"KCP KEMANG";"Jl.Kemang Raya No.72-J kel. Bangka Kec.Mampang Prapatan Jakarta Selatan";"";NULL;"";NULL;""
"0001";"0136";"0514";"KCP DARMAWANGSA";"Jl.Dharmawangsa VI No.23 RT.05/001 Kec.Kebayoran Baru Jakarta Selatan";"";NULL;"";NULL;""
"0001";"0136";"0520";"KAS BLOK M (ITC FATM";"";"";NULL;"";NULL;""
"0001";"0162";"0162";"SYARIAH BEKASI";"";"";NULL;"";NULL;""
"0001";"0167";"0167";"CABANG SURABAYA";"Jl. Raya Darmo No. 87  Surabaya Jawa Timur";"";NULL;"";NULL;""
"0001";"0167";"0228";"KCP SIDOARJO";"Jl. Djenggolo No. 55 B  Kab. Sidoarjo Jawa Timur";"";NULL;"";NULL;""
"0001";"0167";"0384";"KCP KLAMPIS";"";"";NULL;"";NULL;""
"0001";"0167";"0490";"KAS TUNJANGAN PLAZA";"";"";NULL;"";NULL;""
"0001";"0170";"0170";"CABANG SEMARANG";"Jl.Ahmad Yani No.174 Semarang- Jawa Tengah";"";NULL;"";NULL;""
"0001";"0182";"0300";"KCP CIPUTAT";"Jl. IR.H. Djuanda No.34 Desa Cempaka Putih  Kota Tangerang Selatan";"";NULL;"";NULL;""
"0001";"0182";"0339";"KAS DPPKAD TANGERANG";"";"";NULL;"";NULL;""
"0001";"0182";"0340";"KAS PRATAMA SERPONG";"";"";NULL;"";NULL;""
"0001";"0182";"0358";"KCP PASAR SERPONG";"";"";NULL;"";NULL;""
"0001";"0182";"0413";"KCP ALAM SUTERA";"Jl.Jalur Sutera 30D/08,  Kel.Pakualam Kec.Serpong Utara Kota Tangerang Selatan";"";NULL;"";NULL;""
"0001";"0182";"0466";"KAS ITC BSD PLAZA";"";"";NULL;"";NULL;""
"0001";"0211";"0211";"CABANG MANGGA DUA/GAJAH MADA";"Jl. Gajah Mada No.86 A-B  Kel.Krukut Kec.Taman sari Jakarta Barat";"";NULL;"";NULL;""
"0001";"0211";"0433";"KCP KOTA";"Jl.Pintu kecil No.58 F Kec.Tambora Jakarta Barat";"";NULL;"";NULL;""
"0001";"0211";"0459";"KAS ITC MANGGA DUA";"";"";NULL;"";NULL;""
"0001";"0211";"0480";"KAS GLODOK";"";"";NULL;"";NULL;""
"0001";"0211";"0505";"KCP HAYAM WURUK";"l.Hayam Wuruk Persil No.110 RT.03/009 Kec.Taman Sari Jakarta Barat";"";NULL;"";NULL;""
"0001";"0211";"0526";"KAS BOULEVARD JAKART";"";"";NULL;"";NULL;""
"0001";"0240";"0506";"KAS UNPRI MEDAN";"";"";NULL;"";NULL;""
"0001";"0279";"0279";"CABANG MAKASSAR";"Jl.Jendral Sudirman No.54 B Kota Makassar";"";NULL;"";NULL;""
"0001";"0281";"0281";"CABANG PEKANBARU";"Jl.Jenderal Sudirman No.391 C Kota Pekanbaru";"";NULL;"";NULL;""
"0001";"0308";"0425";"KCP KS.TUBUN";"Jl. KS Tubun  No.2B Kec. Tanah Abang  Jakarta Barat";"";NULL;"";NULL;""
"0001";"0013";"0412";"KCP PADJAJARAN";"Jl.Raya pajaran No.20R  Kota Bogor";"";NULL;"";NULL;""
"0001";"0014";"0014";"CABANG CIANJUR";"Jl. HOS. Cokroaminoto No.56 A Kel. Muka,  Kec. Cianjur Kab. Cianjur - 43215";"";NULL;"";NULL;""
"0001";"0014";"0139";"KCP SUKANAGARA";"Jl.Raya Sukanagara No.12 Kec. Sukanagara Kabupaten Cianjur";"";NULL;"";NULL;""
"0001";"0014";"0178";"KCP CIRANJANG";"Jl.Raya Ciranjang Ds.Cibiuk Kec.Ciranjang Kabupaten Cianjur";"";NULL;"";NULL;""
"0001";"0014";"0219";"KCP WARUNG KONDANG";"Jl.Warungkondang no.66 Desa Jambudipa Kec.Warungkondang Kabupaten Cianjur";"";NULL;"";NULL;""
"0001";"0014";"0258";"KCP CIBEBER CIANJUR";"Jl. Raya Cibeber Desa Cipetir Kec. Cibeber Kabupaten Cianjur";"";NULL;"";NULL;""
"0001";"0014";"0549";"KCP SINDANG BARANG";"Kampung Sukamulya RT.01/022 Kec.Sindangbarang Kabupaten Cianjur";"";NULL;"";NULL;""
"0001";"0015";"0015";"CABANG KUNINGAN";"Jl. Siliwangi  Cigembang-Kab. Kuningan 45511";"";NULL;"";NULL;""
"0001";"0015";"0097";"KCP CIAWI GEBANG";"Jl. Siliwangi No. 60  Kec. Ciawigebang-Kab. Kuningan";"";NULL;"";NULL;""
"0001";"0015";"0111";"KCP LURAGUNG";"Jl. Raya Luragung  Blok Mesjid Desa,  Desa Luragunglandeuh  Kec. Luragung Kab. Kuningan";"";NULL;"";NULL;""
"0001";"0016";"0032";"KCP KADIPATEN";"Jl.Raya Timur RT 01/04 Desa Dawuan, Kec.Dawuan Kab.Majalengka";"";NULL;"";NULL;""
"0001";"0016";"0128";"KCP CIKIJING";"Jl. K.H Abdul Fatah No. 49 Kec. Cikijing Kab. Majalengka";"";NULL;"";NULL;""
"0001";"0016";"0166";"KCP RAJAGALUH";"Jl. Pangeran Muhammad No. 26 Kec. Rajagaluh-45472 Kab. Majalengka";"";NULL;"";NULL;""
"0001";"0016";"0174";"KCP JATIWANGI";"Jl. A. Yani No. 15  Blok Jum’at Desa Cibolerang  Kec. Jatiwangi Kab. Majalengka";"";NULL;"";NULL;""
"0001";"0001";"0077";"KCP SUMBER SARI";"Depan Ruko Sumbersari Jl.Soekarno Hatta No.101 B Kota Bandung";"";NULL;"";NULL;""
"0001";"0001";"0192";"KCP MOCH. TOHA";"Jl. Mohamad Toha No. 131 Kel. Cigereleng,  Kec. Regol Kota Bandung";"";NULL;"";NULL;""
"0001";"0001";"0299";"KCP GEDUNG SATE";"Jl. Cilamaya No. 5 Kota Bandung";"";NULL;"";NULL;""
"0001";"0001";"0326";"KCP TAMAN KOPO INDAH";"Ruko 1 B No. 37 A-B  Jl. Taman Kopo Indah II,  Kabupaten Bandung";"";NULL;"";NULL;""
"0001";"0001";"0342";"KCP ASIA AFRIKA";"Jl. Asia Afrika No.117 Kota Bandung";"";NULL;"";NULL;""
"0001";"0001";"0356";"KCP PETA";"Komplek Pertokoan Kopo Plaza B.7  Jl. Peta,  Lingkar Selatan, Kec. Bojongloa Kaler Kota Bandung ";"";NULL;"";NULL;""
"0001";"0001";"0360";"KCP KEBONJATI";"Jl. Kebon Jati No. 125 Kec.Andir Kota Bandung";"";NULL;"";NULL;""
"0001";"0001";"0444";"KCP SUDIRMAN BANDUNG";"Jl.Sudirman No.78 Kota Bandung";"";NULL;"";NULL;""
"0001";"0002";"0002";"CABANG CIREBON";"Jl. Siliwangi No.30  Cirebon - 45123";"";NULL;"";NULL;""
"0001";"0002";"0164";"KCP HARJAMUKTI";"Jl.Jend Sudirman Blok IA No.20-21 Kanggraksan,  Pasar Hajarmukti  Cirebon";"";NULL;"";NULL;""
"0001";"0002";"0318";"KCP PERUMNAS CIREBON";"Jl.Gunung Ciremai Raya No.104 RT.003/001 Kel. larangan Kec.Harjamukti Kota Cirebon";"";NULL;"";NULL;""
"0001";"0002";"0375";"KCP JAGASATRU";"Pulasaren Barat RT 05 RW 03,  Kel. Pulasaren Kecamatan Pekalipan  Kota Cirebon";"";NULL;"";NULL;""
"0001";"0002";"0423";"KCP PAGONGAN";"Jl.Karanggetas/pagongan No.64 blok d12 Kel.pekalangan Kec.pekalipan Kota Cirebon";"";NULL;"";NULL;""
"0001";"0002";"0563";"KCP KESAMBI";"Jl.Kesambi Raya RT01/09 Jabang bayi Kel.drajat Kec.kesambi Kota Cirebon";"";NULL;"";NULL;""
"0001";"0003";"0037";"KCP RENGASDENGLOK";"Jl. Proklamasi No .420 Kec.Rengasdengklok Kabupaten Karawang";"";NULL;"";NULL;""
"0001";"0003";"0205";"KCP TELAGASARI";"Jl. Syeh Quro Desa Telagasari, Kec. Telagasari Kabupaten Karawang ";"";NULL;"";NULL;""
"0001";"0003";"0214";"KCP CILAMAYA";"Jl. Raya Cilamaya No. 173 Kel. Mekarmaya, Kec. Cilamaya Wetan Kab.Karawang ";"";NULL;"";NULL;""
"0001";"0003";"0224";"KCP KLARI";"Jl. Raya Kosambi No. 7B  Desa Duren Kec. Klari Kab.Karawang";"";NULL;"";NULL;""
"0001";"0004";"0184";"KCP PANUMBANGAN";"Jl. Raya Panumbangan No. 242  Desa Panumbangan, Kec. Panumbangan Kabupaten Ciamis ";"";NULL;"";NULL;""
"0001";"0004";"0185";"KCP RANCAH";"Jl. Kawunglarang No. 6 Desa Rancah Kec.Rancah Kabupaten Ciamis";"";NULL;"";NULL;""
"0001";"0004";"0289";"KCP SINDANG KASIH";"Blok Pengkolan,  Desa Sindangkasih Kec.Sindangkasih Kabupaten Ciamis";"";NULL;"";NULL;""
"0001";"0005";"0058";"KCP RAJAPOLAH";"Komp.Ruko Rajapolah Permai Kec. Rajapolah - Tasikmalaya";"";NULL;"";NULL;""
"0001";"0005";"0160";"KCP CIKURUBUK";"Jl. AH. Witono No.36 Komp. Pasar Cikurubuk  Kel. Tugujaya, Kec. Cihideung Kota Tasikmalaya-  46126 ";"";NULL;"";NULL;""
"0001";"0005";"0209";"KCP BPPT TASIK";"Jl. Ir. H Djuanda No. 88 Kec. Indihiang - Tasikmalaya";"";NULL;"";NULL;""
"0001";"0005";"0270";"KCP KARANGNUNGGAL";"Jl. Simpang Desa Simpang Desa Simpang,  Kec. Bantarkalong Kabupaten  Tasikmalaya- 46187";"";NULL;"";NULL;""
"0001";"0005";"0271";"KCP MANONJAYA";"Jl. R.T.A Prawira Adiningrat Pasar Kulon RT.03/03 Desa Manonjaya, Kec. Manonjaya  Kabupaten Tasikmalaya 46197 ";"";NULL;"";NULL;""
"0001";"0005";"0321";"KCP CIPATUJAH";"Jl.Wisata Pantai Cipatujah Ds.Pasanggrahan Kec.Cipatujah Kab.Tasikmalaya";"";NULL;"";NULL;""
"0001";"0005";"0542";"KCP INDIHIANG";"Blok Pasarkaler,  Kel.Sirnagalih,  Kec.Indihiang Kota Tasikmalaya";"";NULL;"";NULL;""
"0001";"0006";"0053";"KCP CICURUG";"Jl. Siliwangi No. 10 Komp. Pasar Cicurug Kec. Cicurug - Kab. Sukabumi";"";NULL;"";NULL;""
"0001";"0006";"0064";"KCP CIBADAK";"Jl. Perintis Kemerdekaan Ruko No. 20C Cibadak, Kota Sukabumi ";"";NULL;"";NULL;""
"0001";"0006";"0382";"KCP SUKARAJA";"Jl.Sukaraja RT.05/17 Desa Sukaraja Kec.Sukaraja Kab.Sukabumi";"";NULL;"";NULL;""
"0001";"0006";"0383";"KCP PASAR PELITA";"Jl.Pabuaran, Kompleks Bekas Emplasmen PJKA,  Kel.Tipar, Kec.Kota Sukabumi Utara,  Kota Sukabumi";"";NULL;"";NULL;""
"0001";"0007";"0085";"KCP CIKANDE";"Jl. Raya Jakarta Serang Km.19  Desa Tambak, Kec. Kibin Cikande Kab.  Serang  Prov. Banten";"";NULL;"";NULL;""
"0001";"0007";"0235";"KCP CIRUAS";"Jl. Raya Jakarta, Kampung Kwaron Desa Citeureup  Kecamatan Ciruas Kabupaten Serang Prov. Banten";"";NULL;"";NULL;""
"0001";"0007";"0266";"KCP BAROS SERANG";"Blok Cikedokan, Kel. Baros Kec. Baros Kab. Serang Provinsi Banten";"";NULL;"";NULL;""
"0001";"0007";"0331";"KCP KRAMATWATU";"Jl. Raya Serang Km. 8,    RT. 003/RW. 001 Desa Kramatwatu  Kec. Kramatwatu Kab. Serang Provinsi Banten";"";NULL;"";NULL;""
"0001";"0008";"0035";"KCP PAMANUKAN";"Jl. Yon Martasasmita No.6 Kec. Pamanukan - Kab. Subang";"";NULL;"";NULL;""
"0001";"0008";"0189";"KCP KALIJATI";"Jl. Raya Tugu Selatan  Desa Kalijati Timur, Kec. Kalijati Kabupaten Subang ";"";NULL;"";NULL;""
"0001";"0001";"0176";"KCP OTISTA";"Jl. Otto Iskandardinata No. 315  Kota Bandung";"";NULL;"";NULL;""
"0001";"0001";"0208";"PP SAMSAT BTC";"";"";NULL;"";NULL;""
"0001";"0001";"0225";"MOBIL EDUKASI";"";"";NULL;"";NULL;""
"0001";"0001";"0322";"KCP CIBADUYUT";"Jl. Terusan Cibaduyut No. 33 C Kabupaten Bandung";"";NULL;"";NULL;""
"0001";"0001";"0355";"KCP TERUSAN KOPO";"Jl.Kopo No.54 Kec. Astana Anyar,  Kota Bandung";"";NULL;"";NULL;""
"0001";"0001";"0443";"KCP LEUWI PANJANG";"Jl.Leuwipanjang No.81 Kota Bandung";"";NULL;"";NULL;""
"0001";"0001";"0541";"KAS KEPATIHAN";"";"";NULL;"";NULL;""
"0001";"0001";"0561";"KCP KEBON KELAPA";"Jl. Pungkur No.141 Kota Bandung";"";NULL;"";NULL;""
"0001";"0002";"0060";"KAS RSU GUNUNG JATI";"";"";NULL;"";NULL;""
"0001";"0002";"0081";"KAS PELINDO II CIREB";"";"";NULL;"";NULL;""
"0001";"0002";"0275";"KAS DPPKD CIREBON";"";"";NULL;"";NULL;""
"0001";"0002";"0330";"KAS UNSWAGATI";"";"";NULL;"";NULL;""
"0001";"0002";"0345";"MOBIL KAS CIREBON";"";"";NULL;"";NULL;""
"0001";"0002";"0367";"KCP GUNUNGSARI";"Jl. Dr. Cipto Mangunkusumo No. 1 A RT 02/RW 06 Kel. Pekiringan,  Kec. Kesambi Kota Cirebon";"";NULL;"";NULL;""
"0001";"0002";"0493";"KAS MAJASEM";"";"";NULL;"";NULL;""
"0001";"0003";"0003";"CABANG KARAWANG";"Jl.Kertabumi No.2 Kab.Karawang -41311";"";NULL;"";NULL;""
"0001";"0003";"0040";"KCP CIKAMPEK";"Jl. Jend. A. Yani No. 21 Cikampek Kabupaten Karawang";"";NULL;"";NULL;""
"0001";"0003";"0082";"KAS PEMDA KARAWANG";"";"";NULL;"";NULL;""
"0001";"0003";"0101";"KAS RSUD KARAWANG";"";"";NULL;"";NULL;""
"0001";"0003";"0347";"MOBIL KAS KARAWANG";"";"";NULL;"";NULL;""
"0001";"0003";"0455";"KAS BATUJAYA";"";"";NULL;"";NULL;""
"0001";"0003";"0456";"KAS JOHAR";"";"";NULL;"";NULL;""
"0001";"0004";"0004";"CABANG CIAMIS";"Jl. Jend.Sudirman No.71 Kab. Ciamis - 46211";"";NULL;"";NULL;""
"0001";"0004";"0250";"KAS RSUD CIAMIS";"";"";NULL;"";NULL;""
"0001";"0004";"0374";"KCP KAWALI";"Jl .Ds.Kawali Mukti Kec.Kawali Kabupaten Ciamis";"";NULL;"";NULL;""
"0001";"0005";"0005";"CABANG TASIKMALAYA";"Jl. Mayor Utarya No.30 Tasikmalaya - 46113";"";NULL;"";NULL;""
"0001";"0005";"0043";"KAS RSU TASIKMALAYA";"";"";NULL;"";NULL;""
"0001";"0005";"0177";"KCP CIAWI TASIK";"";"";NULL;"";NULL;""
"0001";"0005";"0287";"KCP MITRA BATIK";"Jl.Mitra Batik No.61 C Kec.Cipedes Kota Tasikmalaya";"";NULL;"";NULL;""
"0001";"0005";"0328";"KCP HZ MUSTOFA";"Jl. KHZ Mustofa No. 150 Kec. Cihideung,  Kota Tasikmalaya";"";NULL;"";NULL;""
"0001";"0005";"0338";"KAS PEMKAB TASIKMALA";"";"";NULL;"";NULL;""
"0001";"0005";"0344";"MOBIL KAS TASIKMALAY";"";"";NULL;"";NULL;""
"0001";"0005";"0373";"KAS PEMKOT TASIKMALA";"";"";NULL;"";NULL;""
"0001";"0005";"0498";"KAS PAGER AGEUNG";"";"";NULL;"";NULL;""
"0001";"0005";"0663";"KCP KAWALU";"";"";NULL;"";NULL;""
"0001";"0006";"0006";"CABANG SUKABUMI";"Jl. Jend. A. Yani No. 35 A-37  Kota Sukabumi";"";NULL;"";NULL;""
"0001";"0006";"0168";"KAS RSU SUKABUMI";"";"";NULL;"";NULL;""
"0001";"0006";"0305";"KAS RSUD SEKARWANGI";"";"";NULL;"";NULL;""
"0001";"0006";"0364";"KAS SAMSAT LEMBUR SI";"";"";NULL;"";NULL;""
"0001";"0006";"0399";"KAS PARUNG KUDA";"";"";NULL;"";NULL;""
"0001";"0006";"0504";"KCP CIAWUL";"Jl.RA Kosasih RT01/12 Kel.subang jaya kec.cikole no.3 sukabumi 43115";"";NULL;"";NULL;""
"0001";"0007";"0066";"KCP RAU";"Jl. Semaun Bakri No. 11 Kota Serang";"";NULL;"";NULL;""
"0001";"0007";"0135";"KAS RSUD SERANG";"";"";NULL;"";NULL;""
"0001";"0007";"0210";"KAS KP3B SERANG";"";"";NULL;"";NULL;""
"0001";"0007";"0333";"KAS PASAR LAMA";"";"";NULL;"";NULL;""
"0001";"0007";"0348";"MOBIL KAS SERANG";"";"";NULL;"";NULL;""
"0001";"0007";"0390";"KAS LAPENTA";"";"";NULL;"";NULL;""
"0001";"0007";"0460";"KAS BOJONEGARA";"";"";NULL;"";NULL;""
"0001";"0007";"0461";"KAS CIOMAS";"";"";NULL;"";NULL;""
"0001";"0007";"0462";"KAS CIPOCOK";"";"";NULL;"";NULL;""
"0001";"0007";"0463";"KAS PONTANG (TIRTAYA)";"";"";NULL;"";NULL;""
"0001";"0007";"0499";"KAS KARANGANTU";"";"";NULL;"";NULL;""
"0001";"0007";"0500";"KAS PETIR";"";"";NULL;"";NULL;""
"0001";"0007";"0501";"KAS JAWILAN";"";"";NULL;"";NULL;""
"0001";"0008";"0008";"CABANG SUBANG";"Jl. Jend.A.Yani No.2  Kab. Subang - 41212";"";NULL;"";NULL;""
"0001";"0008";"0106";"KAS RSU SUBANG";"";"";NULL;"";NULL;""
"0001";"0008";"0223";"KCP CIASEM";"Jl. A. Yani - Rawasari RT.014/007 Desa Sukamandijaya Kecamatan Ciasem Kabupaten Subang";"";NULL;"";NULL;""
"0001";"0008";"0274";"KCP PEMDA SUBANG";"";"";NULL;"";NULL;""
"0001";"0008";"0341";"KAS PRATAMA SUBANG";"";"";NULL;"";NULL;""
"0001";"0008";"0518";"KAS SAMSAT SUBANG";"";"";NULL;"";NULL;""
"0001";"0009";"0009";"CABANG INDRAMAYU";"Jl. Jend. Sudirman No. 106  Kabupaten  Indramayu";"";NULL;"";NULL;""
"0001";"0009";"0067";"KCP KARANGAMPEL";"Jl. Raya Barat Karangampel Kec. Karangampel,  Kabupaten Indramayu";"";NULL;"";NULL;""
"0001";"0009";"0394";"KCP BANGKIR";"Jl. Raya Bankir Desa Rambatan Kulon  Kec.Lobener Kabupaten Indramayu";"";NULL;"";NULL;""
"0001";"0009";"0472";"KAS ERETAN";"";"";NULL;"";NULL;""
"0001";"0009";"0473";"KAS KERTASEMAYA";"";"";NULL;"";NULL;""
"0001";"0009";"0474";"KAS RSUD INDRAMAYU";"";"";NULL;"";NULL;""
"0001";"0009";"0475";"KAS SUKRA";"";"";NULL;"";NULL;""
"0001";"0009";"0476";"KAS KARANGSONG";"";"";NULL;"";NULL;""
"0001";"0009";"0494";"KAS PASAR BONGAS";"";"";NULL;"";NULL;""
"0001";"0009";"0495";"KAS PASAR LELEA";"";"";NULL;"";NULL;""
"0001";"0010";"0042";"KCP BANTARGEBANG";"Jl. Raya Narogong Km.11 No.65 Bantargebang - Bekasi";"";NULL;"";NULL;""
"0001";"0010";"0072";"KAS BEKASI";"";"";NULL;"";NULL;""
"0001";"0010";"0095";"PP UPSA KP PBB";"";"";NULL;"";NULL;""
"0001";"0010";"0108";"KAS RSUD BEKASI";"";"";NULL;"";NULL;""
"0001";"0010";"0132";"KAS PEMKOT BEKASI";"";"";NULL;"";NULL;""
"0001";"0010";"0312";"KCP GALAXI";"Jl. Taman Galaxi Blok A No. 6  Kel. Jakasetia,  Kec. Bekasi Selatan";"";NULL;"";NULL;""
"0001";"0016";"0380";"KCP JATITUJUH";"RT. 001/RW.001 Blok Jum'at Desa Jatitujuh Kec. Jatitujuh Kab. Majalengka";"";NULL;"";NULL;""
"0001";"0016";"0478";"KAS BANTARUJEG";"";"";NULL;"";NULL;""
"0001";"0016";"0479";"KAS SUMBERJAYA";"";"";NULL;"";NULL;""
"0001";"0016";"0525";"KAS RSUD CIDERES";"";"";NULL;"";NULL;""
"0001";"0017";"0017";"CABANG GARUT";"Jl. Jend. A.Yani No.38  Kab. Garut - 44117";"";NULL;"";NULL;""
"0001";"0017";"0047";"KCP CIKAJANG";"Jl. Raya Cikajang No.83   Cikajang - Kab. Garut";"";NULL;"";NULL;""
"0001";"0017";"0069";"KAS YANTAP GARUT";"";"";NULL;"";NULL;""
"0001";"0017";"0202";"KCP LIMBANGAN";"Plaza Limbangan  Jl. Raya Limbangan Timur  Blok Sukasirna Desa Limbangan Timur   Kec. Blubur Limbangan Kab. Garut";"";NULL;"";NULL;""
"0001";"0017";"0212";"KAS RSUD GARUT";"";"";NULL;"";NULL;""
"0001";"0017";"0229";"KCP MALANGBONG";"Jl. Raya Tasikmalaya - Bandung  Kampung Legok RT.03/RW.01  Desa Malangbong  Kec Malangbong Kabupaten Garut";"";NULL;"";NULL;""
"0001";"0017";"0255";"KCP KADUNGORA";"Jl. Raya Kadungora Desa Kadungora  Kec Kadungora  Kab Garut";"";NULL;"";NULL;""
"0001";"0017";"0261";"KCP PAMEUNGPEUK";"Jl. Raya Pameungpeuk  Blok Cigodeg Desa Paas  Kec. Pameungpeuk Kab Garut";"";NULL;"";NULL;""
"0001";"0017";"0424";"KCP SAMARANG";"Jl.Raya Samarang No.77 RT.02/07 Ds.Samarang Kec. Samarang Kab.Garut";"";NULL;"";NULL;""
"0001";"0017";"0524";"KANTOR KAS DISHUB";"";"";NULL;"";NULL;""
"0001";"0017";"0546";"KCP WANARAJA";"Jl. Raya Wanaraja Kp.Cimalaka RT.03/05 Ds. Wanaraja Kec.Wanarja  Kab. Garut";"";NULL;"";NULL;""
"0001";"0018";"0018";"CABANG PURWAKARTA";"Jl Jendral Sudirman No. 63-64  Kab. Purwakarta - 41114";"";NULL;"";NULL;""
"0001";"0018";"0159";"KCP PLERED";"jl. Raya Anjun RT 10/02 Desa Anjun Kec.Plered Kab.Purwakarta";"";NULL;"";NULL;""
"0001";"0018";"0198";"KCP WANAYASA";"Jl. Raya Wanayasa RT. 07/RW. 01  Desa Wanayasa Kec. Wanayasa  Kab. Purwakarta";"";NULL;"";NULL;""
"0001";"0020";"0020";"CABANG LABUAN";"Jl. Jend.Sudirman No.182   Labuan 42264 Prov. Banten";"";NULL;"";NULL;""
"0001";"0020";"0359";"KCP CIBALIUNG";"Jl.Sumur No.5 Ds.Sukajadi Kec. Cibaliung Kab.Pandeglang";"";NULL;"";NULL;""
"0001";"0021";"0102";"KAS PEMDA PANDEGLANG";"";"";NULL;"";NULL;""
"0001";"0021";"0220";"KAS RSUD PANDEGLANG";"";"";NULL;"";NULL;""
"0001";"0021";"0395";"KAS PASAR";"";"";NULL;"";NULL;""
"0001";"0022";"0065";"KCP RSI ALIKHSAN";"Jl. Kiastamanggala   Baleendah Kab. Bandung";"";NULL;"";NULL;""
"0001";"0022";"0071";"KCP DAYEUH KOLOT";"Jl.Bojongsoang No.85 Kab.Bandung";"";NULL;"";NULL;""
"0001";"0022";"0173";"KAS PPTSP SOREANG";"";"";NULL;"";NULL;""
"0001";"0022";"0201";"KCP BANJARAN";"Jl. Raya Banjaran  Desa Kemasan Kec. Banjaran  Kabupaten Bandung";"";NULL;"";NULL;""
"0001";"0022";"0304";"KAS RSUD SOREANG";"";"";NULL;"";NULL;""
"0001";"0022";"0464";"KAS RTC";"";"";NULL;"";NULL;""
"0001";"0022";"0485";"KAS MARGAASIH";"";"";NULL;"";NULL;""
"0001";"0022";"0486";"KAS PAMEUNGPEUK BANJARAN";"";"";NULL;"";NULL;""
"0001";"0022";"0487";"KAS PASAR SOREANG";"";"";NULL;"";NULL;""
"0001";"0023";"0100";"KAS RSU CIBABAT CIMA";"";"";NULL;"";NULL;""
"0001";"0023";"0130";"KAS YANTAP CIMAHI";"";"";NULL;"";NULL;""
"0001";"0023";"0169";"KCP CIJERAH";"Jl. Cijerah No. 216 A  Cijerah Kota Cimahi";"";NULL;"";NULL;""
"0001";"0023";"0421";"KCP CITEUREUP CIMAHI";"Jl.Encep kartawiria no.143C RT04/08 Kel.Citeureup Kec.cimahi utara Kota Cimahi";"";NULL;"";NULL;""
"0001";"0023";"0469";"KAS CIMAHI MALL";"";"";NULL;"";NULL;""
"0001";"0023";"0535";"KAS SAMSAT CIMAHI";"";"";NULL;"";NULL;""
"0001";"0024";"0024";"CABANG SUCI";"Jl. P.H.H. Mustopa No.66  Kota Bandung - 40124";"";NULL;"";NULL;""
"0001";"0024";"0063";"KAS BPN";"";"";NULL;"";NULL;""
"0001";"0024";"0370";"KAS RSUD UJUNG BERUNG";"";"";NULL;"";NULL;""
"0001";"0024";"0401";"KAS PDAM TIRTAWENING";"";"";NULL;"";NULL;""
"0001";"0024";"0436";"KCP CICAHEUM";"Jl.PHH Mustofa  No.39 Blok B-6 Kota Bandung";"";NULL;"";NULL;""
"0001";"0024";"0468";"KAS EKUITAS";"";"";NULL;"";NULL;""
"0001";"0024";"0488";"KAS AH NASUTION";"";"";NULL;"";NULL;""
"0001";"0025";"0025";"CABANG DEPOK";"Jl. Margonda Raya No.29  Kota Depok - 16432";"";NULL;"";NULL;""
"0001";"0025";"0238";"KCP SAWANGAN";"Jl. Raya Parung Ciputat RT.03 RW.03  Kelurahan Bojongsari Kecamatan Sawangan  Kota Depok";"";NULL;"";NULL;""
"0001";"0025";"0277";"KAS PEMKOT DEPOK";"";"";NULL;"";NULL;""
"0001";"0025";"0453";"KAS ITC DEPOK";"";"";NULL;"";NULL;""
"0001";"0025";"0454";"KAS MERUYUNG";"";"";NULL;"";NULL;""
"0001";"0025";"0470";"KAS JALAN RAYA BOGOR";"";"";NULL;"";NULL;""
"0001";"0025";"0471";"KAS RSUD KOTA DEPOK";"";"";NULL;"";NULL;""
"0001";"0025";"0496";"KAS DEPOK TOWN SQUAR";"";"";NULL;"";NULL;""
"0001";"0025";"0536";"KAS DEPOK 2";"";"";NULL;"";NULL;""
"0001";"0026";"0109";"KAS PEMDA KAB BEKASI";"";"";NULL;"";NULL;""
"0001";"0019";"0265";"KCP CIPANAS LEBAK";"Blok Citatah RT 02/RW 04, Desa Bintang Resmi, Kec. Cipanas, Kab Lebak, Prov Banten";"";NULL;"";NULL;""
"0001";"0008";"0230";"KCP JALAN CAGAK";"Desa Jalancagak,  Kecamatan Jalancagak Kab. Subang 41281";"";NULL;"";NULL;""
"0001";"0008";"0320";"KCP PAGADEN";"Jl.Ahmad Yani No.174  Kampung lengkong RT.02/01 Ds.Pagaden Kec.Pagaden Baru Kab.Subang";"";NULL;"";NULL;""
"0001";"0008";"0554";"KCP CIPENDEUY";"Jl.Raya Cipeundeuy Dsn.III Cipeundeuy RT.04/02 Kec.Cipeundeuy Kab.Subang";"";NULL;"";NULL;""
"0001";"0009";"0038";"KCP PATROL";"Jl. Raya Patrol No.13 RT. 007/RW. 003 Desa. Patrol Lor,  Kecamatan Patrol ";"";NULL;"";NULL;""
"0001";"0009";"0039";"KCP JATIBARANG";"Jl. Jend. A. Yani No. 58 RT. 01/RW. 01 Desa/Kec. Jatibarang,  Kab. Indramayu";"";NULL;"";NULL;""
"0001";"0009";"0070";"KCP HAURGEULIS";"Jl. Sudirman No. 15 Kec. Haurgeulis Kabupaten Indramayu";"";NULL;"";NULL;""
"0001";"0009";"0323";"KCP TERISI";"Jl. Raya Karangasem No. 2 Desa Karangasem,  Kec. Cikedung Kab. Indramayu";"";NULL;"";NULL;""
"0001";"0009";"0327";"KCP PEMKAB INDRAMAYU";"Jalan Mayjen Soetoyo No.7 E Kec.Indramayu Kab.Indramayu";"";NULL;"";NULL;""
"0001";"0009";"0378";"KCP KARANG SINOM";"Jl. Blok I RT. 02 RW. 02 Desa Karanganyar Kecamatan Kedanghaur  Kabupaten Indramayu";"";NULL;"";NULL;""
"0001";"0010";"0010";"CABANG BEKASI";"Bank DEVISA Jl. Ir.H. Djuanda No.126 Bekasi- 17113";"";NULL;"";NULL;""
"0001";"0010";"0091";"KCP KRANJI";"Komp. Pertokoan Sentra Kranji Baru No. A-4  Jl. Bintara Raya No. 12 Kranji - Bekasi";"";NULL;"";NULL;""
"0001";"0010";"0232";"KCP MEDAN SATRIA";"Ruko Bulevar Hijau Blok B,  C No. 20 Kelurahan Pejuang Kecamatan Medan Satria Kota Bekasi";"";NULL;"";NULL;""
"0001";"0010";"0311";"KCP AHMAD YANI";"Sentra Niaga Kalimalang Blok A7 No. 2 Jl. Ahmad Yani No. 92 Kel. Margajaya,  Kec. Bekasi Selatan Kota Bekasi";"";NULL;"";NULL;""
"0001";"0010";"0362";"KCP KALIMAS";"Ruko Kalimas C-21 Jl. Chairil Anwar Kec. Bekasi Timur,  Kota Bekasi";"";NULL;"";NULL;""
"0001";"0010";"0363";"KCP JATIASIH";"Jl. Raya Jatiasih No. 27  Ruko SBS Kec. Jatiasih - Kota Bekasi";"";NULL;"";NULL;""
"0001";"0010";"0548";"KCP WISMA ASRI";"Jl.Perjuangan No.8 Wisma Asri Teluk  Picung Bekasi Utara";"";NULL;"";NULL;""
"0001";"0018";"0259";"KCP PASAR SIMPANG";"Jl. Kapten Halim No. 178 RT.44/15 Kel. Sindangkasih Kec. Purwakarta  Kab. Purwakarta";"";NULL;"";NULL;""
"0001";"0020";"0116";"KCP PANIMBANG";"Blok Panimbang Desa Panimbang Jaya  Kec.Panimbang   Labuan Kab. Pandeglang";"";NULL;"";NULL;""
"0001";"0020";"0203";"KCP MENES";"Jl. Raya Pasar Menes  Kp. Sindang Raya Rt/Rw 01/01  Ds. Purwaraja Kec. Menes Kab. Pandeglang";"";NULL;"";NULL;""
"0001";"0021";"0021";"CABANG PANDEGLANG";"Jl. Mayor Widagdo No.6  Kab. Pandeglang 42212 Prov. Banten";"";NULL;"";NULL;""
"0001";"0021";"0264";"KCP PICUNG";"Jl.Kampung Pasar Picung RT.02 RW.04 Ds.Cililitan Kec.Picung Kab.Pangedlang";"";NULL;"";NULL;""
"0001";"0022";"0022";"CABANG SOREANG";"Jl. Raya Soreang Km 17  Depan Kantor Pemda Kab. Bandung  Soreang";"";NULL;"";NULL;""
"0001";"0022";"0105";"KCP KOPO SAYATI";"Jl. Kopo Bihbul No. 65  Kec. Margahayu Kab. Bandung";"";NULL;"";NULL;""
"0001";"0022";"0171";"KCP PANGALENGAN";"Jl. Raya Pangalengan No. 440 Kec. Pangalengan Kab. Bandung";"";NULL;"";NULL;""
"0001";"0022";"0172";"KCP CIWIDEY";"Jl.Raya Soreang-Ciwidey Ds.Tenjolaya Kec.Pasir Jambu Kab.Bandung";"";NULL;"";NULL;""
"0001";"0022";"0324";"KCP KATAPANG";"Jl. Terusan Kopo No. 62  Kec. Katapang Kab. Bandung";"";NULL;"";NULL;""
"0001";"0023";"0023";"CABANG CIMAHI";"Jl. Jend. H. Amir Machmud No. 451 Kota Cimahi  - 40524";"";NULL;"";NULL;""
"0001";"0023";"0187";"KCP CIMINDI";"Jl. Mahar Martanegara 22 C Kel. Cigugur Tengah Kec. Cimahi Tengah Kota Cimahi 40522";"";NULL;"";NULL;""
"0001";"0023";"0197";"KCP CISANGKAN";"Jl. Jend. H. Amir Machmud No. 510  Kel. Padasuka Kec. Cimahi Tengah  Kota Cimahi 40526";"";NULL;"";NULL;""
"0001";"0023";"0262";"KCP BAROS CIMAHI";"Jl. Pondok Mas Raya No. 22  Kel.Leuwigajah  Kec.Cimahi Selatan Kota Cimahi";"";NULL;"";NULL;""
"0001";"0023";"0422";"KCP GUNUNG BATU";"Jl.Gunung Batu No.93E Kota Bandung";"";NULL;"";NULL;""
"0001";"0023";"0564";"KCP CIBEUREUM";"Jl.Raya Cibereum No.48 Kota Bandung";"";NULL;"";NULL;""
"0001";"0024";"0079";"KCP UJUNG BERUNG";"Jl. Raya Ujung Berung No.38  Ujungberung - Kota Bandung";"";NULL;"";NULL;""
"0001";"0024";"0161";"KCP CICADAS";"Jl. Jend. Achmad Yani No. 414  Kota Bandung";"";NULL;"";NULL;""
"0001";"0024";"0332";"KCP ANTAPANI";"Jl. Terusan Jakarta No. 109 F  Kec. Antapani Kota Bandung";"";NULL;"";NULL;""
"0001";"0024";"0349";"KCP MARTADINATA";"Jl. Laksamana Laut Raden Edi Martadinata No. 106  Kec. Bandung Wetan Kota Bandung";"";NULL;"";NULL;""
"0001";"0024";"0555";"KCP CIBIRU";"Jl.AH Nasution RT.02/01 Kel.Pasangrahan Kec.Ujung Berung Kota Bandung";"";NULL;"";NULL;""
"0001";"0025";"0103";"KCP CIMANGGIS";"Ruko Cisalak Permai No.7  Jl. Raya Cisalak-Cimanggis  Cimanggis -Depok";"";NULL;"";NULL;""
"0001";"0025";"0179";"KCP CINERE";"Jl. Raya Cinere No. 11   Kel. Cinere Kec. Limo  Kota Depok";"";NULL;"";NULL;""
"0001";"0025";"0234";"KCP CIBUBUR";"Komplek Ruko Citra Grand Blok R.1 No. 17  Jl. Raya Alternatif Cibubur  Kel. Jatikarya Kec. Jatisampurna Kota Bekasi";"";NULL;"";NULL;""
"0001";"0025";"0385";"KCP KELAPA DUA";"Jl.Akses UI RT/RW 06 Kel.Tugu Kec.Cimanggis Kota Depok";"";NULL;"";NULL;""
"0001";"0026";"0026";"CABANG CIKARANG";"Jl.Yos Sudarso No.91-93  Cikarang Plaza  Kec. Cikarang Utara Kab. Bekasi";"";NULL;"";NULL;""
"0001";"0026";"0086";"KCP TAMBUN";"Komplek Ruko Plaza Metropolitan  Blok A/003 No. 19-20  Kec. Cibitung Kab. Bekasi";"";NULL;"";NULL;""
"0001";"0026";"0186";"KCP JABABEKA";"Cikarang Commercial Center  Blok B No. 15  Jl. Raya Cikarang - Cibarusah Km. 40  Kel. Pasir Sari Kec. Cikarang Utara Kab. Bekasi";"";NULL;"";NULL;""
"0001";"0026";"0317";"KCP BABELAN";"Jalan Raya Babelan Km. 3 RT 01/01 Kec. Babelan Kabupaten. Bekasi";"";NULL;"";NULL;""
"0001";"0026";"0420";"KCP SUKATANI";"Jl.Raya Sukatani  No.151 Desa Karang sentosa Kec. Karang Bahagia Kab.Bekasi";"";NULL;"";NULL;""
"0001";"0026";"0503";"KCP SETU";"Kp.Burangkeng RT.002/006 Ds.Burangkeng Kec.Setu Kab.Bekasi";"";NULL;"";NULL;""
"0001";"0027";"0200";"KCP SIMPANG DAGO";"Jl. Ir. H. Juanda No. 191  Kec. Coblong Kota Bandung";"";NULL;"";NULL;""
"0001";"0027";"0296";"KCP PEMKOT BANDUNG";"Jalan Wastukencana No. 21 Kota Bandung";"";NULL;"";NULL;""
"0001";"0027";"0440";"KCP DR. DJUNJUNAN (P";"Jl.Dr.Djunjunan No.126-128 Kota Bandung";"";NULL;"";NULL;""
"0001";"0027";"0560";"KCP KOSAMBI";"Jl.Ahmad yani No.221-223 Blok A-13 Kora Bandung";"";NULL;"";NULL;""
"0001";"0028";"0196";"KCP MERAK";"Jl. R.E. Martadinata No. 15  Kel. Mekarsari Kec. Pulo Merak  Kota Cilegon Prov. Banten";"";NULL;"";NULL;""
"0001";"0028";"0221";"KCP ANYAR";"Jl.Sirih No.2 Desa Anyar Kec.Anyar kab.Serang Prov.Banten";"";NULL;"";NULL;""
"0001";"0031";"0030";"KCP WERU";"Jl. Otto Iskandardinata No. 18  Desa Tegalsari Kec. Weru Kab. Cirebon";"";NULL;"";NULL;""
"0001";"0031";"0129";"KCP CILEDUG";"Jl. Merdeka Utara  No. 93   Kec. Ciledug Kab. Cirebon";"";NULL;"";NULL;""
"0001";"0031";"0165";"KCP ARJAWINANGUN";"Jl.Raya By Pass Arjawinangun Desa Jungjang  Kec.Arjawinangun Kab.Cirebon";"";NULL;"";NULL;""
"0001";"0031";"0294";"KCP LOSARI";"Jl. Soekarno Hatta RT 006 Desa Losari Lor  Kecamatan Losari Kabupaten Cirebon";"";NULL;"";NULL;""
"0001";"0031";"0295";"KCP LEMAHABANG";"Jl. Pramuka RT 049 RW 13 Desa Cipeujah Wetan Kecamatan Lemahabang  Kabupaten Cirebon";"";NULL;"";NULL;""
"0001";"0031";"0517";"KCP PALIMANAN";"Blok masjid RT05/02 Desa palimanan timur Kec.palimanan Kab.cirebon";"";NULL;"";NULL;""
"0001";"0034";"0034";"CABANG RAWAMANGUN";"Jl. Pemuda No. 97 Kec. Pulogadung - Jakarta Timur";"";NULL;"";NULL;""
"0001";"0034";"0218";"KCP KRANGGAN MAS";"Pasar Kranggan Blok LT 1/KS/E4 No. 11 dan Blok LT 1/KS/E4 No. 14  Jl. Kranggan Raya Kec. Jatisampurna  Kabupaten Bekasi";"";NULL;"";NULL;""
"0001";"0034";"0246";"KCP KALIMALANG";"Jl. Inspeksi Kalimalang   Komplek Billy Moon Blok M-I Kaveling No. 3F  Jakarta Timur";"";NULL;"";NULL;""
"0001";"0034";"0288";"KCP PULOGADUNG";"Jl. Raya Bekasi Km. 12 Kawasan Industri  PT. JIEP (Jakarta Industrial Estate Pulogadung) Pulogadung Jakarta Timur Blok 8-I Kaveling No. 9 Jakarta Timur";"";NULL;"";NULL;""
"0001";"0034";"0447";"KCP DUREN SAWIT";"Jl. Raden Intan / Jl.RS Jend.Pol.Sukamto RT.02/003 No.9E Kec. Duren Sawit Jakarta Timur";"";NULL;"";NULL;""
"0001";"0034";"0448";"KCP KLENDER";"Jl.Wijaya Kusuma Raya Blok 14 Kav.7 Kec.Duren Sawit Jakarta Timur";"";NULL;"";NULL;""
"0001";"0034";"0449";"KCP PONDOK KELAPA";"Jl.Raya Pondok Kelapa RT.03/001 Kec. Duren Sawit Jakarta Timur";"";NULL;"";NULL;""
"0001";"0034";"0508";"KCP PRAMUKA";"Jl.Pramuka Raya No.10 RT.007 RW.02 Kel.Rawasari Kec.Cempaka Putih Jakarta Pusat";"";NULL;"";NULL;""
"0001";"0036";"0036";"CABANG BANJAR";"Jl. Letjen Suwarto No. 4  Kel. Hegarsari Kec. Pataruman Kota Banjar";"";NULL;"";NULL;""
"0001";"0036";"0188";"KCP BANJARSARI";"Jl. Raya Banjarsari No. 153  RT. 01/RW. 01   Kec. Banjarsari Kab. Ciamis";"";NULL;"";NULL;""
